supplier,BU,commodity,SPM email,spend,PN count,partnership,risk
Supplier_0001,BU3,Plastic,spm_1@example.com,802580.83,486,H,L
Supplier_0002,BU4,Plastic,spm_2@example.com,208148.74,49,M,H
Supplier_0003,BU1,Plastic,spm_3@example.com,175807.76,302,M,L
Supplier_0004,BU3,Chemicals,spm_4@example.com,113522.16,369,L,H
Supplier_0005,BU3,Packaging,spm_5@example.com,640065.95,190,M,L
Supplier_0006,BU4,Chemicals,spm_6@example.com,709410.97,136,H,M
Supplier_0007,BU1,Packaging,spm_7@example.com,41270.28,43,L,M
Supplier_0008,BU1,Chemicals,spm_8@example.com,936850.12,404,L,M
Supplier_0009,BU3,Chemicals,spm_9@example.com,61451.57,380,H,L
Supplier_0010,BU2,Electronics,spm_10@example.com,545883.37,353,L,H
Supplier_0011,BU3,Chemicals,spm_11@example.com,711969.91,90,M,H
Supplier_0012,BU3,Metal,spm_12@example.com,872259.43,295,M,M
Supplier_0013,BU3,Electronics,spm_13@example.com,716946.06,341,H,M
Supplier_0014,BU3,Chemicals,spm_14@example.com,803710.8,245,M,M
Supplier_0015,BU4,Plastic,spm_15@example.com,346055.69,433,H,M
Supplier_0016,BU1,Metal,spm_16@example.com,816676.86,192,H,H
Supplier_0017,BU4,Metal,spm_17@example.com,89313.7,318,M,L
Supplier_0018,BU4,Metal,spm_18@example.com,895868.49,106,H,L
Supplier_0019,BU4,Electronics,spm_19@example.com,552116.45,363,M,L
Supplier_0020,BU3,Chemicals,spm_20@example.com,819124.79,310,L,L
Supplier_0021,BU2,Chemicals,spm_21@example.com,457795.1,382,L,M
Supplier_0022,BU1,Plastic,spm_22@example.com,647141.92,233,H,M
Supplier_0023,BU2,Plastic,spm_23@example.com,531138.63,265,M,M
Supplier_0024,BU4,Metal,spm_24@example.com,734273.63,344,M,L
Supplier_0025,BU4,Plastic,spm_25@example.com,90813.68,37,L,M
Supplier_0026,BU2,Electronics,spm_26@example.com,69748.56,305,L,M
Supplier_0027,BU2,Chemicals,spm_27@example.com,254632.2,41,M,H
Supplier_0028,BU2,Metal,spm_28@example.com,167949.23,17,H,H
Supplier_0029,BU4,Plastic,spm_29@example.com,873065.73,344,L,M
Supplier_0030,BU4,Electronics,spm_30@example.com,227021.85,277,H,H
Supplier_0031,BU1,Electronics,spm_31@example.com,976106.6,307,H,H
Supplier_0032,BU1,Plastic,spm_32@example.com,343526.83,59,L,M
Supplier_0033,BU4,Chemicals,spm_33@example.com,190296.74,423,H,M
Supplier_0034,BU2,Plastic,spm_34@example.com,791801.52,183,H,M
Supplier_0035,BU2,Metal,spm_35@example.com,662120.7,41,M,M
Supplier_0036,BU1,Plastic,spm_36@example.com,503213.76,39,H,L
Supplier_0037,BU4,Electronics,spm_37@example.com,559809.92,397,M,L
Supplier_0038,BU1,Plastic,spm_38@example.com,722009.76,192,L,M
Supplier_0039,BU1,Chemicals,spm_39@example.com,236170.19,267,L,H
Supplier_0040,BU3,Packaging,spm_40@example.com,996370.58,494,M,M
Supplier_0041,BU3,Plastic,spm_41@example.com,975045.23,147,L,M
Supplier_0042,BU3,Chemicals,spm_42@example.com,653822.43,395,H,H
Supplier_0043,BU2,Chemicals,spm_43@example.com,207547.03,333,H,L
Supplier_0044,BU4,Electronics,spm_44@example.com,683425.96,127,H,M
Supplier_0045,BU4,Chemicals,spm_45@example.com,81476.42,46,L,M
Supplier_0046,BU4,Chemicals,spm_46@example.com,40345.98,45,H,L
Supplier_0047,BU4,Chemicals,spm_47@example.com,265106.06,1,L,L
Supplier_0048,BU3,Chemicals,spm_48@example.com,467996.73,168,H,H
Supplier_0049,BU2,Metal,spm_49@example.com,869589.78,108,M,L
Supplier_0050,BU2,Metal,spm_50@example.com,729897.38,19,L,L
Supplier_0051,BU3,Electronics,spm_51@example.com,745279.46,332,L,L
Supplier_0052,BU2,Plastic,spm_52@example.com,431238.4,72,H,H
Supplier_0053,BU3,Chemicals,spm_53@example.com,352475.64,456,L,L
Supplier_0054,BU4,Plastic,spm_54@example.com,377328.38,445,L,L
Supplier_0055,BU3,Plastic,spm_55@example.com,987773.07,109,M,H
Supplier_0056,BU4,Electronics,spm_56@example.com,49708.1,268,M,L
Supplier_0057,BU4,Chemicals,spm_57@example.com,868361.18,445,H,L
Supplier_0058,BU1,Chemicals,spm_58@example.com,582888.65,240,M,H
Supplier_0059,BU3,Packaging,spm_59@example.com,444229.26,417,H,M
Supplier_0060,BU1,Plastic,spm_60@example.com,728005.08,301,H,H
Supplier_0061,BU3,Plastic,spm_61@example.com,491802.25,90,H,L
Supplier_0062,BU3,Metal,spm_62@example.com,874689.01,103,L,L
Supplier_0063,BU1,Packaging,spm_63@example.com,901694.85,476,M,L
Supplier_0064,BU1,Metal,spm_64@example.com,427503.72,250,H,H
Supplier_0065,BU3,Metal,spm_65@example.com,284059.52,453,M,L
Supplier_0066,BU2,Metal,spm_66@example.com,596426.83,8,H,L
Supplier_0067,BU4,Electronics,spm_67@example.com,913239.71,153,M,H
Supplier_0068,BU1,Electronics,spm_68@example.com,218555.57,347,M,M
Supplier_0069,BU4,Metal,spm_69@example.com,626736.92,174,H,M
Supplier_0070,BU2,Packaging,spm_70@example.com,635244.62,343,L,L
Supplier_0071,BU2,Plastic,spm_71@example.com,735781.89,158,M,H
Supplier_0072,BU2,Packaging,spm_72@example.com,140252.01,493,L,L
Supplier_0073,BU1,Chemicals,spm_73@example.com,718666.72,431,L,H
Supplier_0074,BU2,Electronics,spm_74@example.com,909942.2,215,H,H
Supplier_0075,BU1,Plastic,spm_75@example.com,187886.28,177,H,M
Supplier_0076,BU2,Plastic,spm_76@example.com,245167.89,175,H,M
Supplier_0077,BU4,Chemicals,spm_77@example.com,971681.14,340,M,H
Supplier_0078,BU4,Chemicals,spm_78@example.com,189167.18,338,H,L
Supplier_0079,BU3,Metal,spm_79@example.com,855841.24,146,H,M
Supplier_0080,BU4,Electronics,spm_80@example.com,497355.08,450,M,L
Supplier_0081,BU3,Electronics,spm_81@example.com,254758.76,324,M,M
Supplier_0082,BU4,Packaging,spm_82@example.com,872042.4,478,H,M
Supplier_0083,BU1,Metal,spm_83@example.com,450852.2,161,H,L
Supplier_0084,BU4,Metal,spm_84@example.com,519669.18,127,H,M
Supplier_0085,BU3,Metal,spm_85@example.com,365641.04,420,H,M
Supplier_0086,BU3,Metal,spm_86@example.com,597021.34,82,L,L
Supplier_0087,BU2,Electronics,spm_87@example.com,171888.63,485,L,M
Supplier_0088,BU1,Electronics,spm_88@example.com,397170.72,147,H,M
Supplier_0089,BU4,Metal,spm_89@example.com,969718.2,239,L,M
Supplier_0090,BU2,Packaging,spm_90@example.com,265552.1,412,M,L
Supplier_0091,BU4,Plastic,spm_91@example.com,660169.3,424,L,H
Supplier_0092,BU4,Plastic,spm_92@example.com,331938.16,84,L,L
Supplier_0093,BU2,Packaging,spm_93@example.com,775738.39,113,H,H
Supplier_0094,BU2,Metal,spm_94@example.com,139564.92,225,L,M
Supplier_0095,BU2,Electronics,spm_95@example.com,970122.83,332,L,H
Supplier_0096,BU2,Plastic,spm_96@example.com,459251.65,378,L,L
Supplier_0097,BU2,Chemicals,spm_97@example.com,243689.96,243,L,L
Supplier_0098,BU4,Chemicals,spm_98@example.com,82761.78,143,M,M
Supplier_0099,BU2,Packaging,spm_99@example.com,178060.33,41,H,H
Supplier_0100,BU1,Metal,spm_100@example.com,524576.21,423,H,M
Supplier_0101,BU3,Plastic,spm_101@example.com,343633.14,258,M,M
Supplier_0102,BU2,Metal,spm_102@example.com,830594.53,447,L,L
Supplier_0103,BU2,Plastic,spm_103@example.com,436578.65,285,M,H
Supplier_0104,BU4,Packaging,spm_104@example.com,256227.13,105,L,H
Supplier_0105,BU2,Packaging,spm_105@example.com,620973.54,202,M,H
Supplier_0106,BU2,Chemicals,spm_106@example.com,709709.44,450,H,H
Supplier_0107,BU2,Metal,spm_107@example.com,175371.49,307,H,M
Supplier_0108,BU4,Chemicals,spm_108@example.com,175943.02,331,H,M
Supplier_0109,BU2,Metal,spm_109@example.com,46304.71,461,L,L
Supplier_0110,BU3,Chemicals,spm_110@example.com,739037.99,266,L,M
Supplier_0111,BU4,Electronics,spm_111@example.com,667166.48,398,M,M
Supplier_0112,BU3,Electronics,spm_112@example.com,479884.57,210,M,L
Supplier_0113,BU4,Electronics,spm_113@example.com,845728.74,51,H,L
Supplier_0114,BU2,Electronics,spm_114@example.com,807613.45,118,L,L
Supplier_0115,BU3,Plastic,spm_115@example.com,589500.82,201,M,M
Supplier_0116,BU4,Electronics,spm_116@example.com,869588.57,377,L,M
Supplier_0117,BU1,Packaging,spm_117@example.com,213782.8,39,L,L
Supplier_0118,BU2,Packaging,spm_118@example.com,120800.42,28,H,L
Supplier_0119,BU4,Plastic,spm_119@example.com,277052.12,259,H,L
Supplier_0120,BU1,Electronics,spm_120@example.com,66515.99,84,L,M
Supplier_0121,BU4,Electronics,spm_121@example.com,535857.83,454,L,M
Supplier_0122,BU1,Electronics,spm_122@example.com,937239.64,155,L,H
Supplier_0123,BU2,Chemicals,spm_123@example.com,48950.11,117,L,M
Supplier_0124,BU3,Metal,spm_124@example.com,130888.81,2,H,M
Supplier_0125,BU1,Chemicals,spm_125@example.com,457677.04,93,M,M
Supplier_0126,BU4,Metal,spm_126@example.com,934536.27,166,H,L
Supplier_0127,BU2,Electronics,spm_127@example.com,322994.54,387,M,M
Supplier_0128,BU1,Electronics,spm_128@example.com,512162.46,400,L,L
Supplier_0129,BU4,Chemicals,spm_129@example.com,51157.13,350,M,H
Supplier_0130,BU4,Chemicals,spm_130@example.com,156859.77,296,H,H
Supplier_0131,BU4,Metal,spm_131@example.com,986763.82,258,H,L
Supplier_0132,BU1,Packaging,spm_132@example.com,965467.51,81,L,L
Supplier_0133,BU1,Metal,spm_133@example.com,14890.58,425,H,L
Supplier_0134,BU1,Chemicals,spm_134@example.com,952293.67,268,L,M
Supplier_0135,BU3,Chemicals,spm_135@example.com,642728.74,419,H,H
Supplier_0136,BU1,Plastic,spm_136@example.com,869239.11,235,H,L
Supplier_0137,BU1,Chemicals,spm_137@example.com,460192.46,321,L,M
Supplier_0138,BU1,Plastic,spm_138@example.com,520440.07,311,M,H
Supplier_0139,BU3,Packaging,spm_139@example.com,493958.11,301,H,M
Supplier_0140,BU1,Metal,spm_140@example.com,670195.61,463,M,H
Supplier_0141,BU4,Metal,spm_141@example.com,148254.74,474,H,M
Supplier_0142,BU1,Plastic,spm_142@example.com,39673.85,357,H,H
Supplier_0143,BU4,Metal,spm_143@example.com,314850.64,213,H,H
Supplier_0144,BU4,Chemicals,spm_144@example.com,707633.96,62,H,M
Supplier_0145,BU4,Electronics,spm_145@example.com,209834.92,49,M,L
Supplier_0146,BU3,Plastic,spm_146@example.com,676698.11,127,M,H
Supplier_0147,BU3,Metal,spm_147@example.com,970212.93,223,H,L
Supplier_0148,BU3,Plastic,spm_148@example.com,102961.71,409,H,M
Supplier_0149,BU1,Plastic,spm_149@example.com,675876.1,279,M,L
Supplier_0150,BU4,Electronics,spm_150@example.com,449312.72,408,L,L
Supplier_0151,BU3,Chemicals,spm_151@example.com,869460.83,294,L,L
Supplier_0152,BU3,Plastic,spm_152@example.com,185378.29,284,M,L
Supplier_0153,BU1,Metal,spm_153@example.com,695699.69,277,H,L
Supplier_0154,BU3,Packaging,spm_154@example.com,839734.14,438,H,H
Supplier_0155,BU1,Plastic,spm_155@example.com,945168.08,107,L,H
Supplier_0156,BU2,Plastic,spm_156@example.com,686415.55,146,L,H
Supplier_0157,BU3,Electronics,spm_157@example.com,502203.02,420,M,M
Supplier_0158,BU2,Chemicals,spm_158@example.com,621668.77,99,L,L
Supplier_0159,BU1,Packaging,spm_159@example.com,870215.93,429,M,H
Supplier_0160,BU4,Metal,spm_160@example.com,574903.65,375,L,M
Supplier_0161,BU3,Packaging,spm_161@example.com,40083.19,73,L,H
Supplier_0162,BU1,Metal,spm_162@example.com,931639.21,437,L,H
Supplier_0163,BU4,Chemicals,spm_163@example.com,692631.48,486,H,L
Supplier_0164,BU4,Metal,spm_164@example.com,679748.25,122,H,M
Supplier_0165,BU2,Electronics,spm_165@example.com,223518.4,30,H,L
Supplier_0166,BU1,Electronics,spm_166@example.com,662296.62,188,L,L
Supplier_0167,BU4,Electronics,spm_167@example.com,399925.76,364,M,H
Supplier_0168,BU3,Electronics,spm_168@example.com,654720.65,354,M,L
Supplier_0169,BU3,Packaging,spm_169@example.com,115527.1,288,M,M
Supplier_0170,BU2,Chemicals,spm_170@example.com,661266.85,451,M,L
Supplier_0171,BU4,Metal,spm_171@example.com,999419.59,195,H,L
Supplier_0172,BU1,Metal,spm_172@example.com,57729.92,156,H,L
Supplier_0173,BU3,Electronics,spm_173@example.com,977402.44,172,L,H
Supplier_0174,BU4,Electronics,spm_174@example.com,412838.88,335,L,M
Supplier_0175,BU4,Plastic,spm_175@example.com,872045.92,41,M,H
Supplier_0176,BU2,Chemicals,spm_176@example.com,784561.63,63,H,H
Supplier_0177,BU3,Packaging,spm_177@example.com,571346.1,23,M,H
Supplier_0178,BU3,Metal,spm_178@example.com,741064.72,360,L,H
Supplier_0179,BU1,Plastic,spm_179@example.com,879730.41,75,L,H
Supplier_0180,BU3,Plastic,spm_180@example.com,410098.92,48,M,M
Supplier_0181,BU1,Metal,spm_181@example.com,333762.83,160,L,L
Supplier_0182,BU3,Packaging,spm_182@example.com,670917.45,313,M,H
Supplier_0183,BU2,Plastic,spm_183@example.com,809767.48,118,H,H
Supplier_0184,BU3,Plastic,spm_184@example.com,764662.28,100,M,M
Supplier_0185,BU1,Chemicals,spm_185@example.com,799835.51,380,H,M
Supplier_0186,BU1,Packaging,spm_186@example.com,441227.48,417,H,L
Supplier_0187,BU2,Plastic,spm_187@example.com,819655.87,408,L,M
Supplier_0188,BU3,Packaging,spm_188@example.com,129006.96,167,L,L
Supplier_0189,BU3,Metal,spm_189@example.com,549044.21,290,L,H
Supplier_0190,BU2,Electronics,spm_190@example.com,15701.07,440,M,H
Supplier_0191,BU3,Plastic,spm_191@example.com,331339.97,156,M,L
Supplier_0192,BU3,Chemicals,spm_192@example.com,372796.92,421,L,M
Supplier_0193,BU1,Metal,spm_193@example.com,402210.96,7,M,L
Supplier_0194,BU3,Packaging,spm_194@example.com,698512.53,196,L,M
Supplier_0195,BU3,Metal,spm_195@example.com,394672.52,421,M,H
Supplier_0196,BU2,Plastic,spm_196@example.com,454206.69,56,H,M
Supplier_0197,BU2,Packaging,spm_197@example.com,245168.69,321,H,L
Supplier_0198,BU4,Electronics,spm_198@example.com,379519.27,193,L,L
Supplier_0199,BU1,Metal,spm_199@example.com,234996.93,47,M,H
Supplier_0200,BU3,Plastic,spm_200@example.com,82463.96,148,M,M
Supplier_0201,BU3,Chemicals,spm_201@example.com,607414.11,275,H,M
Supplier_0202,BU4,Packaging,spm_202@example.com,671530.67,157,H,M
Supplier_0203,BU3,Metal,spm_203@example.com,623295.44,202,L,H
Supplier_0204,BU1,Metal,spm_204@example.com,468859.1,444,H,M
Supplier_0205,BU4,Electronics,spm_205@example.com,385987.92,402,L,L
Supplier_0206,BU1,Electronics,spm_206@example.com,864700.31,476,H,M
Supplier_0207,BU4,Chemicals,spm_207@example.com,523890.97,419,H,H
Supplier_0208,BU4,Chemicals,spm_208@example.com,484390.06,427,M,M
Supplier_0209,BU2,Plastic,spm_209@example.com,35385.65,495,H,M
Supplier_0210,BU1,Plastic,spm_210@example.com,347835.35,479,H,L
Supplier_0211,BU3,Chemicals,spm_211@example.com,386393.66,475,L,M
Supplier_0212,BU3,Chemicals,spm_212@example.com,404834.55,126,H,L
Supplier_0213,BU1,Packaging,spm_213@example.com,584370.65,395,L,L
Supplier_0214,BU3,Electronics,spm_214@example.com,538266.52,305,H,H
Supplier_0215,BU3,Plastic,spm_215@example.com,611826.04,369,H,L
Supplier_0216,BU1,Electronics,spm_216@example.com,767234.43,294,L,L
Supplier_0217,BU4,Electronics,spm_217@example.com,814855.88,64,M,H
Supplier_0218,BU1,Chemicals,spm_218@example.com,720941.85,325,L,L
Supplier_0219,BU4,Packaging,spm_219@example.com,955968.46,392,L,H
Supplier_0220,BU3,Metal,spm_220@example.com,28050.26,418,L,M
Supplier_0221,BU3,Packaging,spm_221@example.com,203820.21,176,M,H
Supplier_0222,BU3,Packaging,spm_222@example.com,17487.25,116,H,L
Supplier_0223,BU2,Electronics,spm_223@example.com,650999.97,440,L,H
Supplier_0224,BU4,Packaging,spm_224@example.com,899050.24,204,L,L
Supplier_0225,BU2,Plastic,spm_225@example.com,251047.47,486,M,M
Supplier_0226,BU2,Electronics,spm_226@example.com,927764.2,321,L,H
Supplier_0227,BU1,Plastic,spm_227@example.com,69664.72,31,H,M
Supplier_0228,BU2,Metal,spm_228@example.com,935091.67,388,M,L
Supplier_0229,BU1,Electronics,spm_229@example.com,358106.46,113,H,L
Supplier_0230,BU1,Metal,spm_230@example.com,110406.62,365,H,M
Supplier_0231,BU2,Electronics,spm_231@example.com,491013.04,434,M,H
Supplier_0232,BU4,Chemicals,spm_232@example.com,264208.8,325,L,H
Supplier_0233,BU4,Packaging,spm_233@example.com,292024.17,414,H,L
Supplier_0234,BU4,Chemicals,spm_234@example.com,314217.07,376,H,M
Supplier_0235,BU4,Metal,spm_235@example.com,804995.64,344,H,M
Supplier_0236,BU4,Packaging,spm_236@example.com,543769.66,443,H,H
Supplier_0237,BU2,Electronics,spm_237@example.com,318194.62,67,M,H
Supplier_0238,BU2,Packaging,spm_238@example.com,614230.45,75,M,H
Supplier_0239,BU3,Plastic,spm_239@example.com,718989.17,45,H,M
Supplier_0240,BU4,Packaging,spm_240@example.com,279897.76,260,L,H
Supplier_0241,BU2,Plastic,spm_241@example.com,419413.61,154,H,H
Supplier_0242,BU3,Packaging,spm_242@example.com,130667.23,155,L,L
Supplier_0243,BU4,Plastic,spm_243@example.com,189337.86,430,H,H
Supplier_0244,BU1,Metal,spm_244@example.com,684306.68,363,L,H
Supplier_0245,BU3,Chemicals,spm_245@example.com,189623.96,448,H,M
Supplier_0246,BU2,Electronics,spm_246@example.com,529911.75,475,L,M
Supplier_0247,BU1,Packaging,spm_247@example.com,711955.8,234,H,L
Supplier_0248,BU1,Chemicals,spm_248@example.com,115808.15,51,H,H
Supplier_0249,BU1,Electronics,spm_249@example.com,571639.1,306,L,L
Supplier_0250,BU3,Electronics,spm_250@example.com,263997.16,262,M,M
Supplier_0251,BU2,Plastic,spm_251@example.com,963297.61,315,L,L
Supplier_0252,BU1,Metal,spm_252@example.com,488710.19,125,M,M
Supplier_0253,BU4,Metal,spm_253@example.com,807932.62,399,H,L
Supplier_0254,BU1,Chemicals,spm_254@example.com,554724.28,245,L,L
Supplier_0255,BU1,Metal,spm_255@example.com,52978.41,30,L,H
Supplier_0256,BU3,Packaging,spm_256@example.com,636819.86,426,L,L
Supplier_0257,BU3,Metal,spm_257@example.com,951889.31,485,M,H
Supplier_0258,BU2,Chemicals,spm_258@example.com,605595.7,122,M,H
Supplier_0259,BU4,Metal,spm_259@example.com,820996.97,125,H,H
Supplier_0260,BU3,Packaging,spm_260@example.com,885364.4,37,M,H
Supplier_0261,BU1,Plastic,spm_261@example.com,235798.97,170,M,L
Supplier_0262,BU2,Chemicals,spm_262@example.com,219924.39,124,H,M
Supplier_0263,BU1,Plastic,spm_263@example.com,614871.18,357,L,M
Supplier_0264,BU1,Plastic,spm_264@example.com,416918.19,35,L,M
Supplier_0265,BU3,Plastic,spm_265@example.com,841462.69,87,H,L
Supplier_0266,BU2,Electronics,spm_266@example.com,901022.89,134,L,H
Supplier_0267,BU4,Electronics,spm_267@example.com,359887.17,196,M,M
Supplier_0268,BU4,Plastic,spm_268@example.com,244501.85,274,H,L
Supplier_0269,BU3,Chemicals,spm_269@example.com,782720.26,201,H,H
Supplier_0270,BU3,Packaging,spm_270@example.com,282057.98,369,H,M
Supplier_0271,BU2,Packaging,spm_271@example.com,824388.18,285,L,H
Supplier_0272,BU4,Metal,spm_272@example.com,429500.87,77,H,M
Supplier_0273,BU4,Chemicals,spm_273@example.com,670874.4,59,H,M
Supplier_0274,BU4,Electronics,spm_274@example.com,104579.96,431,H,M
Supplier_0275,BU1,Plastic,spm_275@example.com,627620.73,126,L,H
Supplier_0276,BU4,Metal,spm_276@example.com,457250.0,401,M,L
Supplier_0277,BU1,Packaging,spm_277@example.com,590742.38,109,H,H
Supplier_0278,BU2,Electronics,spm_278@example.com,176334.07,224,M,M
Supplier_0279,BU1,Electronics,spm_279@example.com,739505.01,496,L,H
Supplier_0280,BU2,Plastic,spm_280@example.com,864169.11,278,L,L
Supplier_0281,BU4,Packaging,spm_281@example.com,224572.4,68,L,H
Supplier_0282,BU4,Chemicals,spm_282@example.com,104757.41,69,L,L
Supplier_0283,BU2,Electronics,spm_283@example.com,33402.2,165,M,L
Supplier_0284,BU3,Plastic,spm_284@example.com,645551.79,489,H,H
Supplier_0285,BU2,Chemicals,spm_285@example.com,611023.1,305,L,M
Supplier_0286,BU3,Packaging,spm_286@example.com,551230.44,397,L,L
Supplier_0287,BU1,Electronics,spm_287@example.com,239627.63,162,M,H
Supplier_0288,BU1,Chemicals,spm_288@example.com,396996.94,365,M,L
Supplier_0289,BU1,Chemicals,spm_289@example.com,598531.57,342,L,M
Supplier_0290,BU4,Chemicals,spm_290@example.com,501799.19,309,H,H
Supplier_0291,BU1,Electronics,spm_291@example.com,987907.67,379,H,H
Supplier_0292,BU3,Electronics,spm_292@example.com,145075.36,343,L,H
Supplier_0293,BU1,Metal,spm_293@example.com,698193.11,435,M,M
Supplier_0294,BU2,Packaging,spm_294@example.com,410275.58,387,L,L
Supplier_0295,BU2,Plastic,spm_295@example.com,433917.62,42,L,H
Supplier_0296,BU4,Chemicals,spm_296@example.com,720421.79,354,M,L
Supplier_0297,BU2,Metal,spm_297@example.com,695511.79,416,L,L
Supplier_0298,BU3,Plastic,spm_298@example.com,991343.43,109,L,M
Supplier_0299,BU1,Metal,spm_299@example.com,137110.35,51,L,H
Supplier_0300,BU4,Electronics,spm_300@example.com,113068.55,250,M,L
Supplier_0301,BU1,Chemicals,spm_301@example.com,727095.43,497,H,H
Supplier_0302,BU1,Plastic,spm_302@example.com,582603.05,341,H,H
Supplier_0303,BU3,Plastic,spm_303@example.com,281419.06,430,M,M
Supplier_0304,BU2,Plastic,spm_304@example.com,88625.18,383,H,H
Supplier_0305,BU2,Plastic,spm_305@example.com,94801.67,492,L,H
Supplier_0306,BU1,Plastic,spm_306@example.com,895248.97,21,H,L
Supplier_0307,BU4,Metal,spm_307@example.com,199948.65,300,L,M
Supplier_0308,BU2,Chemicals,spm_308@example.com,330137.85,139,H,H
Supplier_0309,BU4,Electronics,spm_309@example.com,234389.84,359,M,L
Supplier_0310,BU2,Electronics,spm_310@example.com,361446.34,324,H,M
Supplier_0311,BU4,Electronics,spm_311@example.com,78729.6,499,H,M
Supplier_0312,BU3,Electronics,spm_312@example.com,523869.19,385,H,L
Supplier_0313,BU4,Metal,spm_313@example.com,76936.44,92,M,L
Supplier_0314,BU3,Packaging,spm_314@example.com,802352.94,447,H,L
Supplier_0315,BU3,Chemicals,spm_315@example.com,241374.96,280,M,L
Supplier_0316,BU4,Plastic,spm_316@example.com,544611.8,125,L,L
Supplier_0317,BU3,Packaging,spm_317@example.com,881278.3,483,H,H
Supplier_0318,BU1,Electronics,spm_318@example.com,654368.6,397,M,H
Supplier_0319,BU3,Packaging,spm_319@example.com,537628.21,111,M,M
Supplier_0320,BU2,Chemicals,spm_320@example.com,331090.42,354,H,H
Supplier_0321,BU4,Plastic,spm_321@example.com,339671.89,139,L,H
Supplier_0322,BU1,Plastic,spm_322@example.com,672792.09,484,M,H
Supplier_0323,BU4,Chemicals,spm_323@example.com,994197.97,435,H,L
Supplier_0324,BU2,Chemicals,spm_324@example.com,665220.8,273,L,M
Supplier_0325,BU2,Electronics,spm_325@example.com,562205.58,99,M,M
Supplier_0326,BU2,Plastic,spm_326@example.com,733344.01,252,M,M
Supplier_0327,BU3,Packaging,spm_327@example.com,470553.56,338,L,M
Supplier_0328,BU3,Metal,spm_328@example.com,69540.92,104,L,H
Supplier_0329,BU4,Metal,spm_329@example.com,566673.85,214,H,H
Supplier_0330,BU4,Chemicals,spm_330@example.com,958049.03,249,H,L
Supplier_0331,BU1,Electronics,spm_331@example.com,183549.91,152,M,M
Supplier_0332,BU1,Metal,spm_332@example.com,693104.84,250,L,H
Supplier_0333,BU4,Plastic,spm_333@example.com,208924.35,275,L,H
Supplier_0334,BU3,Chemicals,spm_334@example.com,540469.41,165,L,L
Supplier_0335,BU2,Packaging,spm_335@example.com,105709.69,487,M,L
Supplier_0336,BU4,Chemicals,spm_336@example.com,455867.23,341,L,L
Supplier_0337,BU1,Packaging,spm_337@example.com,758601.7,8,L,H
Supplier_0338,BU3,Chemicals,spm_338@example.com,354095.81,284,M,H
Supplier_0339,BU4,Chemicals,spm_339@example.com,668262.61,5,H,L
Supplier_0340,BU4,Chemicals,spm_340@example.com,797495.46,145,H,M
Supplier_0341,BU3,Packaging,spm_341@example.com,927906.04,101,M,L
Supplier_0342,BU4,Packaging,spm_342@example.com,242295.66,164,L,L
Supplier_0343,BU3,Chemicals,spm_343@example.com,405322.76,374,M,L
Supplier_0344,BU2,Metal,spm_344@example.com,160891.85,147,H,L
Supplier_0345,BU3,Electronics,spm_345@example.com,992558.67,64,H,H
Supplier_0346,BU3,Electronics,spm_346@example.com,927730.96,91,M,M
Supplier_0347,BU3,Electronics,spm_347@example.com,544557.56,117,M,L
Supplier_0348,BU4,Packaging,spm_348@example.com,843612.96,354,H,M
Supplier_0349,BU4,Packaging,spm_349@example.com,525748.4,267,M,M
Supplier_0350,BU3,Metal,spm_350@example.com,627349.83,310,H,M
Supplier_0351,BU4,Electronics,spm_351@example.com,98233.19,173,M,L
Supplier_0352,BU1,Electronics,spm_352@example.com,757717.72,47,M,H
Supplier_0353,BU1,Chemicals,spm_353@example.com,136436.35,140,M,L
Supplier_0354,BU4,Packaging,spm_354@example.com,827806.95,246,H,M
Supplier_0355,BU4,Electronics,spm_355@example.com,784207.81,149,M,M
Supplier_0356,BU3,Metal,spm_356@example.com,711657.25,246,H,H
Supplier_0357,BU2,Metal,spm_357@example.com,45798.78,395,H,L
Supplier_0358,BU4,Electronics,spm_358@example.com,310097.07,487,M,M
Supplier_0359,BU1,Packaging,spm_359@example.com,270481.44,476,M,H
Supplier_0360,BU3,Metal,spm_360@example.com,366535.04,5,H,M
Supplier_0361,BU4,Chemicals,spm_361@example.com,96766.32,465,H,H
Supplier_0362,BU1,Metal,spm_362@example.com,937588.24,184,L,H
Supplier_0363,BU1,Plastic,spm_363@example.com,558264.22,20,H,L
Supplier_0364,BU2,Plastic,spm_364@example.com,312469.07,425,L,M
Supplier_0365,BU3,Packaging,spm_365@example.com,403011.7,46,L,L
Supplier_0366,BU3,Electronics,spm_366@example.com,452730.52,12,L,M
Supplier_0367,BU2,Packaging,spm_367@example.com,604588.39,70,M,L
Supplier_0368,BU2,Packaging,spm_368@example.com,520522.63,17,M,M
Supplier_0369,BU3,Packaging,spm_369@example.com,920198.05,371,H,L
Supplier_0370,BU3,Packaging,spm_370@example.com,501993.85,147,L,H
Supplier_0371,BU4,Chemicals,spm_371@example.com,992236.43,154,M,M
Supplier_0372,BU4,Chemicals,spm_372@example.com,852910.71,304,M,M
Supplier_0373,BU2,Metal,spm_373@example.com,216425.41,108,M,H
Supplier_0374,BU4,Plastic,spm_374@example.com,931289.26,236,M,L
Supplier_0375,BU1,Packaging,spm_375@example.com,125202.73,308,M,M
Supplier_0376,BU4,Metal,spm_376@example.com,819275.21,352,L,M
Supplier_0377,BU4,Plastic,spm_377@example.com,386817.06,70,L,L
Supplier_0378,BU1,Electronics,spm_378@example.com,879194.58,183,L,H
Supplier_0379,BU2,Chemicals,spm_379@example.com,869376.12,250,L,L
Supplier_0380,BU1,Plastic,spm_380@example.com,807866.15,228,H,L
Supplier_0381,BU4,Electronics,spm_381@example.com,792130.13,102,L,L
Supplier_0382,BU2,Plastic,spm_382@example.com,311632.35,75,M,M
Supplier_0383,BU4,Chemicals,spm_383@example.com,90110.09,417,L,H
Supplier_0384,BU1,Chemicals,spm_384@example.com,408950.38,446,H,H
Supplier_0385,BU1,Metal,spm_385@example.com,181789.27,216,M,L
Supplier_0386,BU4,Packaging,spm_386@example.com,698001.58,407,L,M
Supplier_0387,BU3,Plastic,spm_387@example.com,352638.73,399,L,L
Supplier_0388,BU3,Plastic,spm_388@example.com,975854.1,411,L,M
Supplier_0389,BU1,Electronics,spm_389@example.com,644562.36,203,M,M
Supplier_0390,BU1,Chemicals,spm_390@example.com,824255.76,192,M,M
Supplier_0391,BU3,Plastic,spm_391@example.com,141199.43,249,H,M
Supplier_0392,BU3,Chemicals,spm_392@example.com,863394.34,499,M,H
Supplier_0393,BU4,Plastic,spm_393@example.com,923529.62,242,M,M
Supplier_0394,BU4,Metal,spm_394@example.com,492191.3,465,L,M
Supplier_0395,BU3,Packaging,spm_395@example.com,610190.41,179,M,L
Supplier_0396,BU4,Plastic,spm_396@example.com,767161.7,437,L,L
Supplier_0397,BU4,Chemicals,spm_397@example.com,183090.24,462,L,H
Supplier_0398,BU2,Metal,spm_398@example.com,507540.42,219,M,L
Supplier_0399,BU4,Plastic,spm_399@example.com,404676.4,82,H,M
Supplier_0400,BU1,Electronics,spm_400@example.com,154910.25,92,H,L
Supplier_0401,BU4,Packaging,spm_401@example.com,373859.08,435,M,H
Supplier_0402,BU4,Plastic,spm_402@example.com,77490.59,175,H,L
Supplier_0403,BU3,Metal,spm_403@example.com,35553.79,239,L,L
Supplier_0404,BU1,Electronics,spm_404@example.com,143814.63,260,L,H
Supplier_0405,BU4,Metal,spm_405@example.com,963483.96,391,M,H
Supplier_0406,BU4,Metal,spm_406@example.com,554034.24,365,H,M
Supplier_0407,BU2,Electronics,spm_407@example.com,966163.94,163,H,L
Supplier_0408,BU4,Metal,spm_408@example.com,438172.9,48,L,M
Supplier_0409,BU4,Electronics,spm_409@example.com,318697.97,329,M,L
Supplier_0410,BU2,Plastic,spm_410@example.com,511080.44,328,H,L
Supplier_0411,BU3,Electronics,spm_411@example.com,445116.57,116,M,M
Supplier_0412,BU4,Electronics,spm_412@example.com,114608.04,429,H,L
Supplier_0413,BU2,Packaging,spm_413@example.com,644418.05,337,L,L
Supplier_0414,BU1,Electronics,spm_414@example.com,223877.8,337,L,L
Supplier_0415,BU3,Electronics,spm_415@example.com,623392.08,369,M,H
Supplier_0416,BU1,Plastic,spm_416@example.com,653699.08,225,L,M
Supplier_0417,BU1,Packaging,spm_417@example.com,160504.6,352,H,H
Supplier_0418,BU2,Chemicals,spm_418@example.com,70736.13,328,L,M
Supplier_0419,BU4,Plastic,spm_419@example.com,782953.97,147,M,M
Supplier_0420,BU2,Plastic,spm_420@example.com,465202.42,63,M,L
Supplier_0421,BU2,Chemicals,spm_421@example.com,67582.16,294,M,M
Supplier_0422,BU2,Electronics,spm_422@example.com,994917.65,323,H,H
Supplier_0423,BU2,Metal,spm_423@example.com,67202.76,443,H,H
Supplier_0424,BU3,Packaging,spm_424@example.com,698084.88,325,H,H
Supplier_0425,BU4,Metal,spm_425@example.com,983842.14,13,H,M
Supplier_0426,BU1,Chemicals,spm_426@example.com,246788.3,431,H,H
Supplier_0427,BU1,Plastic,spm_427@example.com,150826.88,494,L,M
Supplier_0428,BU4,Plastic,spm_428@example.com,130171.09,189,H,H
Supplier_0429,BU1,Packaging,spm_429@example.com,310242.4,287,H,H
Supplier_0430,BU4,Plastic,spm_430@example.com,110035.35,208,L,M
Supplier_0431,BU1,Plastic,spm_431@example.com,695239.73,114,H,H
Supplier_0432,BU2,Packaging,spm_432@example.com,71668.88,480,M,L
Supplier_0433,BU1,Packaging,spm_433@example.com,514327.91,22,H,M
Supplier_0434,BU4,Chemicals,spm_434@example.com,996729.89,349,H,M
Supplier_0435,BU4,Plastic,spm_435@example.com,815830.57,214,M,M
Supplier_0436,BU4,Plastic,spm_436@example.com,619067.24,171,M,L
Supplier_0437,BU4,Chemicals,spm_437@example.com,313191.08,323,M,M
Supplier_0438,BU4,Electronics,spm_438@example.com,627656.88,54,M,H
Supplier_0439,BU3,Electronics,spm_439@example.com,531771.05,394,H,H
Supplier_0440,BU3,Electronics,spm_440@example.com,431822.55,298,M,H
Supplier_0441,BU1,Chemicals,spm_441@example.com,139403.27,320,M,M
Supplier_0442,BU4,Plastic,spm_442@example.com,887738.17,126,L,H
Supplier_0443,BU1,Chemicals,spm_443@example.com,455286.8,277,M,M
Supplier_0444,BU4,Chemicals,spm_444@example.com,202676.29,464,M,H
Supplier_0445,BU4,Electronics,spm_445@example.com,374081.76,204,L,L
Supplier_0446,BU3,Metal,spm_446@example.com,419988.46,194,L,L
Supplier_0447,BU3,Plastic,spm_447@example.com,829262.52,169,H,L
Supplier_0448,BU2,Electronics,spm_448@example.com,736278.24,152,L,L
Supplier_0449,BU3,Metal,spm_449@example.com,771611.84,35,H,M
Supplier_0450,BU2,Metal,spm_450@example.com,20920.95,184,L,H
Supplier_0451,BU2,Packaging,spm_451@example.com,421992.46,286,L,L
Supplier_0452,BU2,Plastic,spm_452@example.com,486530.71,57,H,M
Supplier_0453,BU2,Metal,spm_453@example.com,29000.35,222,L,L
Supplier_0454,BU2,Electronics,spm_454@example.com,267215.08,303,H,L
Supplier_0455,BU1,Packaging,spm_455@example.com,762686.92,163,L,M
Supplier_0456,BU3,Plastic,spm_456@example.com,145738.61,19,M,M
Supplier_0457,BU2,Chemicals,spm_457@example.com,539957.03,370,L,H
Supplier_0458,BU4,Electronics,spm_458@example.com,223049.85,264,H,H
Supplier_0459,BU3,Metal,spm_459@example.com,21999.57,282,L,L
Supplier_0460,BU3,Metal,spm_460@example.com,248789.44,113,H,L
Supplier_0461,BU2,Electronics,spm_461@example.com,976115.02,488,H,H
Supplier_0462,BU1,Metal,spm_462@example.com,803521.74,327,M,H
Supplier_0463,BU2,Packaging,spm_463@example.com,959980.88,30,M,M
Supplier_0464,BU1,Plastic,spm_464@example.com,492975.5,135,H,H
Supplier_0465,BU4,Packaging,spm_465@example.com,118638.84,67,L,H
Supplier_0466,BU3,Metal,spm_466@example.com,552479.89,65,H,L
Supplier_0467,BU4,Chemicals,spm_467@example.com,459833.56,292,H,H
Supplier_0468,BU1,Plastic,spm_468@example.com,845913.51,25,L,L
Supplier_0469,BU1,Plastic,spm_469@example.com,107101.75,37,L,H
Supplier_0470,BU4,Electronics,spm_470@example.com,493358.73,1,L,M
Supplier_0471,BU1,Electronics,spm_471@example.com,158548.18,399,L,H
Supplier_0472,BU4,Chemicals,spm_472@example.com,331429.17,37,H,H
Supplier_0473,BU3,Plastic,spm_473@example.com,739983.51,141,H,H
Supplier_0474,BU4,Chemicals,spm_474@example.com,481257.95,232,M,L
Supplier_0475,BU3,Electronics,spm_475@example.com,382129.4,136,H,M
Supplier_0476,BU4,Electronics,spm_476@example.com,400531.52,389,L,H
Supplier_0477,BU1,Plastic,spm_477@example.com,464852.3,188,M,L
Supplier_0478,BU4,Packaging,spm_478@example.com,787166.38,128,L,M
Supplier_0479,BU1,Metal,spm_479@example.com,893163.84,201,H,L
Supplier_0480,BU4,Electronics,spm_480@example.com,955781.34,127,M,L
Supplier_0481,BU4,Electronics,spm_481@example.com,789034.35,257,L,M
Supplier_0482,BU2,Packaging,spm_482@example.com,322252.83,164,M,H
Supplier_0483,BU1,Packaging,spm_483@example.com,691253.36,35,M,L
Supplier_0484,BU2,Chemicals,spm_484@example.com,443227.09,194,H,L
Supplier_0485,BU1,Chemicals,spm_485@example.com,262123.92,191,L,H
Supplier_0486,BU2,Metal,spm_486@example.com,842462.86,104,M,H
Supplier_0487,BU3,Metal,spm_487@example.com,48042.09,23,M,M
Supplier_0488,BU4,Plastic,spm_488@example.com,902744.37,265,L,M
Supplier_0489,BU1,Chemicals,spm_489@example.com,466862.69,290,M,M
Supplier_0490,BU1,Electronics,spm_490@example.com,640829.46,430,M,H
Supplier_0491,BU4,Chemicals,spm_491@example.com,662760.38,462,M,L
Supplier_0492,BU1,Electronics,spm_492@example.com,896166.56,384,L,L
Supplier_0493,BU1,Packaging,spm_493@example.com,640302.99,260,L,M
Supplier_0494,BU2,Chemicals,spm_494@example.com,617794.25,414,L,H
Supplier_0495,BU1,Packaging,spm_495@example.com,75985.52,479,L,L
Supplier_0496,BU3,Metal,spm_496@example.com,523223.94,358,H,M
Supplier_0497,BU3,Metal,spm_497@example.com,158667.31,75,M,L
Supplier_0498,BU4,Plastic,spm_498@example.com,740059.43,355,L,L
Supplier_0499,BU1,Chemicals,spm_499@example.com,517099.7,72,M,H
Supplier_0500,BU4,Packaging,spm_500@example.com,683425.5,259,M,H
Supplier_0501,BU3,Electronics,spm_501@example.com,51256.17,398,H,L
Supplier_0502,BU1,Metal,spm_502@example.com,93944.1,188,L,M
Supplier_0503,BU1,Metal,spm_503@example.com,719160.15,461,L,H
Supplier_0504,BU4,Electronics,spm_504@example.com,81363.49,173,M,L
Supplier_0505,BU3,Packaging,spm_505@example.com,80544.16,480,L,H
Supplier_0506,BU1,Packaging,spm_506@example.com,21987.39,290,M,H
Supplier_0507,BU4,Chemicals,spm_507@example.com,956936.38,45,M,H
Supplier_0508,BU3,Chemicals,spm_508@example.com,740133.28,61,H,L
Supplier_0509,BU4,Plastic,spm_509@example.com,359718.89,83,H,M
Supplier_0510,BU2,Metal,spm_510@example.com,303570.23,123,H,M
Supplier_0511,BU1,Chemicals,spm_511@example.com,356206.2,358,M,M
Supplier_0512,BU2,Packaging,spm_512@example.com,776907.0,16,L,H
Supplier_0513,BU3,Electronics,spm_513@example.com,664756.9,66,H,L
Supplier_0514,BU2,Packaging,spm_514@example.com,193343.61,424,L,H
Supplier_0515,BU2,Metal,spm_515@example.com,182368.24,145,H,M
Supplier_0516,BU3,Packaging,spm_516@example.com,107411.69,375,H,M
Supplier_0517,BU4,Plastic,spm_517@example.com,663699.69,162,M,L
Supplier_0518,BU2,Metal,spm_518@example.com,766728.94,234,H,H
Supplier_0519,BU4,Electronics,spm_519@example.com,272395.96,380,H,M
Supplier_0520,BU2,Plastic,spm_520@example.com,30735.51,144,M,L
Supplier_0521,BU4,Metal,spm_521@example.com,91349.95,358,L,H
Supplier_0522,BU3,Electronics,spm_522@example.com,968181.43,188,H,H
Supplier_0523,BU2,Plastic,spm_523@example.com,302490.33,322,M,M
Supplier_0524,BU3,Plastic,spm_524@example.com,771530.92,450,H,M
Supplier_0525,BU2,Metal,spm_525@example.com,628416.93,474,M,H
Supplier_0526,BU3,Chemicals,spm_526@example.com,388120.24,13,L,H
Supplier_0527,BU3,Plastic,spm_527@example.com,213630.39,184,L,M
Supplier_0528,BU2,Plastic,spm_528@example.com,130172.55,111,M,H
Supplier_0529,BU2,Electronics,spm_529@example.com,618862.84,415,M,M
Supplier_0530,BU2,Packaging,spm_530@example.com,776887.44,290,M,H
Supplier_0531,BU1,Metal,spm_531@example.com,647465.21,295,L,M
Supplier_0532,BU4,Metal,spm_532@example.com,534999.11,451,H,L
Supplier_0533,BU1,Chemicals,spm_533@example.com,51531.71,392,L,M
Supplier_0534,BU1,Chemicals,spm_534@example.com,968803.89,215,M,M
Supplier_0535,BU3,Metal,spm_535@example.com,800727.05,462,M,L
Supplier_0536,BU2,Chemicals,spm_536@example.com,299893.82,120,L,H
Supplier_0537,BU4,Electronics,spm_537@example.com,980170.63,382,M,L
Supplier_0538,BU3,Metal,spm_538@example.com,605862.77,55,L,M
Supplier_0539,BU1,Chemicals,spm_539@example.com,586598.43,27,M,H
Supplier_0540,BU2,Metal,spm_540@example.com,750592.45,118,H,L
Supplier_0541,BU3,Packaging,spm_541@example.com,813652.09,221,H,H
Supplier_0542,BU2,Plastic,spm_542@example.com,659913.82,231,M,H
Supplier_0543,BU3,Metal,spm_543@example.com,136814.79,53,L,L
Supplier_0544,BU2,Plastic,spm_544@example.com,344884.83,295,H,H
Supplier_0545,BU1,Chemicals,spm_545@example.com,928802.8,321,L,L
Supplier_0546,BU4,Plastic,spm_546@example.com,232369.46,401,M,M
Supplier_0547,BU1,Metal,spm_547@example.com,378445.35,233,L,H
Supplier_0548,BU4,Packaging,spm_548@example.com,437756.11,158,H,M
Supplier_0549,BU2,Chemicals,spm_549@example.com,445010.94,437,L,M
Supplier_0550,BU3,Metal,spm_550@example.com,616810.19,269,L,H
Supplier_0551,BU1,Chemicals,spm_551@example.com,943645.08,21,M,L
Supplier_0552,BU4,Electronics,spm_552@example.com,248285.78,403,M,H
Supplier_0553,BU1,Plastic,spm_553@example.com,130286.36,53,M,M
Supplier_0554,BU4,Electronics,spm_554@example.com,205495.78,275,H,M
Supplier_0555,BU1,Metal,spm_555@example.com,888055.65,313,H,L
Supplier_0556,BU4,Packaging,spm_556@example.com,649352.7,281,M,H
Supplier_0557,BU4,Chemicals,spm_557@example.com,293047.72,214,M,M
Supplier_0558,BU2,Plastic,spm_558@example.com,817787.47,31,H,M
Supplier_0559,BU4,Chemicals,spm_559@example.com,862756.3,337,H,M
Supplier_0560,BU2,Metal,spm_560@example.com,848049.2,183,H,L
Supplier_0561,BU4,Chemicals,spm_561@example.com,919737.27,23,H,M
Supplier_0562,BU3,Plastic,spm_562@example.com,259718.61,32,M,M
Supplier_0563,BU3,Metal,spm_563@example.com,757491.51,446,H,H
Supplier_0564,BU3,Chemicals,spm_564@example.com,465934.1,74,M,H
Supplier_0565,BU4,Packaging,spm_565@example.com,843578.57,10,L,M
Supplier_0566,BU2,Metal,spm_566@example.com,731205.77,484,L,M
Supplier_0567,BU2,Metal,spm_567@example.com,778682.97,456,H,H
Supplier_0568,BU4,Packaging,spm_568@example.com,659600.22,54,L,L
Supplier_0569,BU3,Electronics,spm_569@example.com,185654.48,52,L,L
Supplier_0570,BU3,Plastic,spm_570@example.com,549576.65,148,L,L
Supplier_0571,BU2,Electronics,spm_571@example.com,984823.04,160,H,L
Supplier_0572,BU3,Chemicals,spm_572@example.com,938014.19,370,H,L
Supplier_0573,BU1,Packaging,spm_573@example.com,52742.0,14,L,L
Supplier_0574,BU2,Electronics,spm_574@example.com,173166.67,178,M,L
Supplier_0575,BU3,Metal,spm_575@example.com,140411.49,412,L,L
Supplier_0576,BU2,Chemicals,spm_576@example.com,728720.11,366,H,H
Supplier_0577,BU1,Chemicals,spm_577@example.com,819607.48,53,H,L
Supplier_0578,BU2,Electronics,spm_578@example.com,221376.25,408,H,L
Supplier_0579,BU2,Electronics,spm_579@example.com,510794.17,335,L,L
Supplier_0580,BU2,Packaging,spm_580@example.com,842296.0,22,M,M
Supplier_0581,BU2,Plastic,spm_581@example.com,735473.53,30,H,H
Supplier_0582,BU1,Electronics,spm_582@example.com,546814.83,191,H,H
Supplier_0583,BU4,Electronics,spm_583@example.com,594444.21,260,L,H
Supplier_0584,BU2,Metal,spm_584@example.com,513276.94,205,M,L
Supplier_0585,BU2,Chemicals,spm_585@example.com,304572.97,59,L,L
Supplier_0586,BU3,Plastic,spm_586@example.com,569371.77,471,H,M
Supplier_0587,BU2,Metal,spm_587@example.com,691996.45,264,M,H
Supplier_0588,BU3,Packaging,spm_588@example.com,874589.69,466,M,L
Supplier_0589,BU4,Packaging,spm_589@example.com,639928.44,12,H,H
Supplier_0590,BU1,Electronics,spm_590@example.com,763510.32,119,M,M
Supplier_0591,BU1,Electronics,spm_591@example.com,168470.92,415,M,M
Supplier_0592,BU4,Packaging,spm_592@example.com,466941.9,462,L,M
Supplier_0593,BU1,Electronics,spm_593@example.com,19238.3,290,H,H
Supplier_0594,BU4,Plastic,spm_594@example.com,254212.08,338,H,L
Supplier_0595,BU4,Electronics,spm_595@example.com,729197.1,248,H,L
Supplier_0596,BU4,Chemicals,spm_596@example.com,991891.85,354,H,M
Supplier_0597,BU1,Electronics,spm_597@example.com,108186.32,127,H,L
Supplier_0598,BU3,Metal,spm_598@example.com,407479.37,75,M,M
Supplier_0599,BU4,Plastic,spm_599@example.com,802070.26,361,L,H
Supplier_0600,BU2,Metal,spm_600@example.com,211995.28,204,H,M
Supplier_0601,BU1,Metal,spm_601@example.com,559534.1,49,L,H
Supplier_0602,BU4,Chemicals,spm_602@example.com,735740.58,79,L,M
Supplier_0603,BU4,Plastic,spm_603@example.com,619825.6,441,M,L
Supplier_0604,BU2,Plastic,spm_604@example.com,196144.49,479,H,L
Supplier_0605,BU3,Plastic,spm_605@example.com,361830.72,241,M,M
Supplier_0606,BU3,Plastic,spm_606@example.com,785953.87,349,H,L
Supplier_0607,BU3,Plastic,spm_607@example.com,558684.25,154,M,L
Supplier_0608,BU4,Chemicals,spm_608@example.com,15177.32,274,L,L
Supplier_0609,BU4,Electronics,spm_609@example.com,763380.85,96,H,H
Supplier_0610,BU4,Metal,spm_610@example.com,44958.24,214,L,L
Supplier_0611,BU1,Plastic,spm_611@example.com,748276.44,294,L,H
Supplier_0612,BU2,Electronics,spm_612@example.com,210455.75,209,M,M
Supplier_0613,BU4,Electronics,spm_613@example.com,958492.75,343,H,L
Supplier_0614,BU2,Metal,spm_614@example.com,374261.34,88,L,L
Supplier_0615,BU2,Chemicals,spm_615@example.com,333662.3,306,M,L
Supplier_0616,BU3,Packaging,spm_616@example.com,157399.17,264,H,M
Supplier_0617,BU1,Packaging,spm_617@example.com,312548.17,425,H,H
Supplier_0618,BU4,Electronics,spm_618@example.com,877884.25,390,L,H
Supplier_0619,BU3,Metal,spm_619@example.com,996370.99,325,H,L
Supplier_0620,BU3,Packaging,spm_620@example.com,374626.44,428,L,M
Supplier_0621,BU4,Electronics,spm_621@example.com,454124.52,377,H,M
Supplier_0622,BU2,Chemicals,spm_622@example.com,724850.23,320,M,M
Supplier_0623,BU3,Packaging,spm_623@example.com,887333.82,157,L,M
Supplier_0624,BU2,Electronics,spm_624@example.com,597113.89,156,L,M
Supplier_0625,BU1,Electronics,spm_625@example.com,397610.44,139,H,H
Supplier_0626,BU2,Plastic,spm_626@example.com,418495.62,121,H,H
Supplier_0627,BU1,Chemicals,spm_627@example.com,698661.97,65,L,H
Supplier_0628,BU2,Plastic,spm_628@example.com,13186.08,107,H,L
Supplier_0629,BU3,Metal,spm_629@example.com,623393.44,147,M,M
Supplier_0630,BU3,Plastic,spm_630@example.com,361938.08,137,H,L
Supplier_0631,BU1,Plastic,spm_631@example.com,796255.36,411,M,M
Supplier_0632,BU4,Packaging,spm_632@example.com,102060.73,162,M,H
Supplier_0633,BU1,Electronics,spm_633@example.com,592320.24,428,M,L
Supplier_0634,BU1,Chemicals,spm_634@example.com,486163.16,452,M,H
Supplier_0635,BU2,Plastic,spm_635@example.com,645902.27,100,M,M
Supplier_0636,BU2,Chemicals,spm_636@example.com,74205.06,338,H,M
Supplier_0637,BU1,Plastic,spm_637@example.com,584183.95,399,M,M
Supplier_0638,BU3,Metal,spm_638@example.com,565869.74,307,H,H
Supplier_0639,BU2,Plastic,spm_639@example.com,565053.49,141,M,M
Supplier_0640,BU4,Packaging,spm_640@example.com,607452.79,83,L,H
Supplier_0641,BU2,Electronics,spm_641@example.com,679703.26,177,M,L
Supplier_0642,BU2,Metal,spm_642@example.com,806939.11,198,L,M
Supplier_0643,BU4,Plastic,spm_643@example.com,277122.51,112,M,M
Supplier_0644,BU1,Chemicals,spm_644@example.com,826798.92,56,M,M
Supplier_0645,BU4,Metal,spm_645@example.com,503273.13,460,M,L
Supplier_0646,BU1,Metal,spm_646@example.com,86287.7,179,L,M
Supplier_0647,BU1,Plastic,spm_647@example.com,67965.42,421,L,H
Supplier_0648,BU1,Metal,spm_648@example.com,340895.94,401,M,H
Supplier_0649,BU4,Chemicals,spm_649@example.com,787048.01,186,H,M
Supplier_0650,BU1,Metal,spm_650@example.com,710604.13,471,M,M
Supplier_0651,BU3,Chemicals,spm_651@example.com,790728.82,218,L,L
Supplier_0652,BU4,Plastic,spm_652@example.com,522096.37,413,M,L
Supplier_0653,BU3,Electronics,spm_653@example.com,445797.01,417,L,L
Supplier_0654,BU1,Metal,spm_654@example.com,155978.0,316,L,M
Supplier_0655,BU2,Electronics,spm_655@example.com,334910.83,475,L,L
Supplier_0656,BU1,Chemicals,spm_656@example.com,439679.17,217,M,L
Supplier_0657,BU3,Metal,spm_657@example.com,97714.43,120,L,H
Supplier_0658,BU3,Packaging,spm_658@example.com,228405.83,439,L,L
Supplier_0659,BU4,Electronics,spm_659@example.com,602243.04,394,M,H
Supplier_0660,BU2,Metal,spm_660@example.com,738306.48,175,L,H
Supplier_0661,BU4,Electronics,spm_661@example.com,998364.04,23,M,L
Supplier_0662,BU3,Metal,spm_662@example.com,933782.2,213,L,H
Supplier_0663,BU1,Plastic,spm_663@example.com,646139.55,405,H,M
Supplier_0664,BU2,Electronics,spm_664@example.com,427035.57,235,H,M
Supplier_0665,BU1,Packaging,spm_665@example.com,639815.59,13,L,L
Supplier_0666,BU1,Packaging,spm_666@example.com,787795.1,101,H,M
Supplier_0667,BU2,Chemicals,spm_667@example.com,127152.83,417,M,H
Supplier_0668,BU4,Metal,spm_668@example.com,415805.84,24,H,M
Supplier_0669,BU1,Electronics,spm_669@example.com,841404.26,364,L,L
Supplier_0670,BU3,Chemicals,spm_670@example.com,389994.62,11,L,L
Supplier_0671,BU1,Electronics,spm_671@example.com,576153.55,273,M,H
Supplier_0672,BU2,Metal,spm_672@example.com,591891.67,452,L,L
Supplier_0673,BU2,Packaging,spm_673@example.com,192631.49,431,M,M
Supplier_0674,BU2,Plastic,spm_674@example.com,368613.09,281,H,L
Supplier_0675,BU4,Packaging,spm_675@example.com,341166.18,94,H,H
Supplier_0676,BU1,Chemicals,spm_676@example.com,35934.74,201,M,L
Supplier_0677,BU4,Plastic,spm_677@example.com,33949.85,21,M,M
Supplier_0678,BU4,Chemicals,spm_678@example.com,833380.07,340,L,H
Supplier_0679,BU2,Metal,spm_679@example.com,280340.1,467,H,M
Supplier_0680,BU2,Plastic,spm_680@example.com,522897.98,211,M,H
Supplier_0681,BU4,Chemicals,spm_681@example.com,305738.32,140,H,L
Supplier_0682,BU1,Metal,spm_682@example.com,941272.45,293,M,H
Supplier_0683,BU3,Packaging,spm_683@example.com,266703.79,298,H,H
Supplier_0684,BU4,Metal,spm_684@example.com,435360.24,401,L,L
Supplier_0685,BU1,Electronics,spm_685@example.com,874002.95,101,H,M
Supplier_0686,BU2,Metal,spm_686@example.com,843514.23,304,H,L
Supplier_0687,BU2,Metal,spm_687@example.com,194240.4,359,H,H
Supplier_0688,BU1,Electronics,spm_688@example.com,804616.88,28,H,L
Supplier_0689,BU3,Chemicals,spm_689@example.com,463605.02,41,H,H
Supplier_0690,BU2,Chemicals,spm_690@example.com,488139.18,355,L,L
Supplier_0691,BU2,Metal,spm_691@example.com,142145.17,303,M,L
Supplier_0692,BU2,Electronics,spm_692@example.com,89795.5,496,H,M
Supplier_0693,BU1,Electronics,spm_693@example.com,730659.91,146,L,H
Supplier_0694,BU4,Packaging,spm_694@example.com,501496.54,256,H,M
Supplier_0695,BU2,Chemicals,spm_695@example.com,442482.2,462,H,H
Supplier_0696,BU4,Plastic,spm_696@example.com,732213.15,227,M,L
Supplier_0697,BU3,Chemicals,spm_697@example.com,767857.77,236,H,H
Supplier_0698,BU2,Chemicals,spm_698@example.com,167319.09,361,L,M
Supplier_0699,BU2,Packaging,spm_699@example.com,614122.9,380,L,M
Supplier_0700,BU3,Plastic,spm_700@example.com,144000.54,455,M,M
Supplier_0701,BU2,Packaging,spm_701@example.com,753861.34,489,H,H
Supplier_0702,BU4,Plastic,spm_702@example.com,660385.6,13,L,M
Supplier_0703,BU1,Metal,spm_703@example.com,957048.47,210,H,M
Supplier_0704,BU4,Plastic,spm_704@example.com,78268.44,229,H,M
Supplier_0705,BU1,Packaging,spm_705@example.com,66484.17,397,H,L
Supplier_0706,BU1,Chemicals,spm_706@example.com,289365.2,100,M,L
Supplier_0707,BU4,Plastic,spm_707@example.com,269088.63,31,H,H
Supplier_0708,BU4,Plastic,spm_708@example.com,254509.01,386,L,H
Supplier_0709,BU4,Electronics,spm_709@example.com,907192.03,16,H,M
Supplier_0710,BU4,Chemicals,spm_710@example.com,257050.74,137,L,L
Supplier_0711,BU3,Metal,spm_711@example.com,279230.23,329,H,M
Supplier_0712,BU2,Packaging,spm_712@example.com,761804.28,166,L,M
Supplier_0713,BU1,Metal,spm_713@example.com,455242.44,459,L,L
Supplier_0714,BU4,Chemicals,spm_714@example.com,778943.45,310,H,L
Supplier_0715,BU4,Plastic,spm_715@example.com,74712.5,440,H,L
Supplier_0716,BU4,Plastic,spm_716@example.com,492695.48,470,L,H
Supplier_0717,BU3,Chemicals,spm_717@example.com,43277.46,481,M,H
Supplier_0718,BU4,Plastic,spm_718@example.com,72026.67,100,H,M
Supplier_0719,BU4,Plastic,spm_719@example.com,907373.08,109,M,H
Supplier_0720,BU4,Plastic,spm_720@example.com,147852.92,343,H,L
Supplier_0721,BU2,Packaging,spm_721@example.com,537096.48,173,H,L
Supplier_0722,BU3,Packaging,spm_722@example.com,416984.65,237,H,H
Supplier_0723,BU4,Electronics,spm_723@example.com,353869.89,162,H,M
Supplier_0724,BU1,Metal,spm_724@example.com,900835.01,393,M,M
Supplier_0725,BU1,Chemicals,spm_725@example.com,31605.16,216,H,H
Supplier_0726,BU1,Chemicals,spm_726@example.com,667151.79,264,L,M
Supplier_0727,BU3,Chemicals,spm_727@example.com,963760.49,263,L,M
Supplier_0728,BU3,Electronics,spm_728@example.com,564566.5,292,M,M
Supplier_0729,BU1,Packaging,spm_729@example.com,937454.24,274,H,L
Supplier_0730,BU4,Electronics,spm_730@example.com,61735.3,3,L,L
Supplier_0731,BU3,Chemicals,spm_731@example.com,424605.39,28,M,H
Supplier_0732,BU1,Metal,spm_732@example.com,267556.21,326,H,L
Supplier_0733,BU1,Plastic,spm_733@example.com,733512.76,492,L,M
Supplier_0734,BU4,Packaging,spm_734@example.com,981484.12,428,L,L
Supplier_0735,BU2,Packaging,spm_735@example.com,263964.76,149,M,H
Supplier_0736,BU3,Electronics,spm_736@example.com,657632.86,28,H,L
Supplier_0737,BU4,Packaging,spm_737@example.com,206116.66,488,H,M
Supplier_0738,BU1,Chemicals,spm_738@example.com,569676.95,310,L,M
Supplier_0739,BU1,Chemicals,spm_739@example.com,469293.16,438,L,H
Supplier_0740,BU4,Electronics,spm_740@example.com,972285.28,65,L,L
Supplier_0741,BU3,Chemicals,spm_741@example.com,612442.0,356,H,L
Supplier_0742,BU2,Metal,spm_742@example.com,356011.31,21,M,L
Supplier_0743,BU2,Electronics,spm_743@example.com,122954.83,252,M,M
Supplier_0744,BU1,Metal,spm_744@example.com,159734.36,235,H,H
Supplier_0745,BU3,Plastic,spm_745@example.com,233063.76,227,M,L
Supplier_0746,BU2,Metal,spm_746@example.com,258456.99,13,L,M
Supplier_0747,BU3,Plastic,spm_747@example.com,852109.9,313,M,M
Supplier_0748,BU3,Plastic,spm_748@example.com,565610.56,49,M,M
Supplier_0749,BU1,Metal,spm_749@example.com,528157.0,118,M,L
Supplier_0750,BU2,Electronics,spm_750@example.com,123621.18,54,L,L
Supplier_0751,BU4,Chemicals,spm_751@example.com,861538.3,138,H,L
Supplier_0752,BU1,Chemicals,spm_752@example.com,725586.16,53,L,L
Supplier_0753,BU2,Plastic,spm_753@example.com,76991.68,44,H,L
Supplier_0754,BU2,Plastic,spm_754@example.com,710756.75,303,H,L
Supplier_0755,BU2,Electronics,spm_755@example.com,548102.84,53,H,L
Supplier_0756,BU2,Packaging,spm_756@example.com,90908.09,74,M,L
Supplier_0757,BU2,Metal,spm_757@example.com,463717.64,46,M,L
Supplier_0758,BU3,Plastic,spm_758@example.com,489849.32,13,H,M
Supplier_0759,BU1,Chemicals,spm_759@example.com,174116.79,165,H,L
Supplier_0760,BU3,Electronics,spm_760@example.com,946241.17,102,M,H
Supplier_0761,BU4,Metal,spm_761@example.com,851475.62,280,L,M
Supplier_0762,BU2,Electronics,spm_762@example.com,672332.11,258,H,L
Supplier_0763,BU1,Metal,spm_763@example.com,467672.61,470,L,H
Supplier_0764,BU2,Metal,spm_764@example.com,417647.89,337,M,L
Supplier_0765,BU1,Plastic,spm_765@example.com,654463.73,356,H,H
Supplier_0766,BU3,Electronics,spm_766@example.com,549977.55,398,L,H
Supplier_0767,BU1,Electronics,spm_767@example.com,71650.37,138,L,H
Supplier_0768,BU4,Chemicals,spm_768@example.com,517377.62,163,L,H
Supplier_0769,BU4,Chemicals,spm_769@example.com,808339.58,409,M,M
Supplier_0770,BU1,Plastic,spm_770@example.com,464647.48,387,M,M
Supplier_0771,BU1,Plastic,spm_771@example.com,61437.01,111,L,H
Supplier_0772,BU1,Packaging,spm_772@example.com,788415.42,102,L,L
Supplier_0773,BU1,Chemicals,spm_773@example.com,209350.14,17,M,H
Supplier_0774,BU4,Metal,spm_774@example.com,266034.63,268,L,M
Supplier_0775,BU2,Electronics,spm_775@example.com,173059.29,182,L,L
Supplier_0776,BU1,Plastic,spm_776@example.com,336912.91,372,M,M
Supplier_0777,BU1,Electronics,spm_777@example.com,759183.99,24,L,M
Supplier_0778,BU4,Electronics,spm_778@example.com,524192.0,29,L,L
Supplier_0779,BU4,Packaging,spm_779@example.com,212832.46,171,L,H
Supplier_0780,BU3,Chemicals,spm_780@example.com,879051.78,409,M,H
Supplier_0781,BU1,Plastic,spm_781@example.com,880786.04,228,L,H
Supplier_0782,BU3,Electronics,spm_782@example.com,871872.64,378,M,H
Supplier_0783,BU4,Plastic,spm_783@example.com,246408.25,188,M,L
Supplier_0784,BU4,Metal,spm_784@example.com,456726.95,346,H,L
Supplier_0785,BU2,Packaging,spm_785@example.com,985139.76,230,H,L
Supplier_0786,BU1,Metal,spm_786@example.com,774292.35,321,L,M
Supplier_0787,BU3,Plastic,spm_787@example.com,36895.75,340,M,L
Supplier_0788,BU4,Plastic,spm_788@example.com,74552.55,119,H,H
Supplier_0789,BU4,Chemicals,spm_789@example.com,469292.06,156,L,M
Supplier_0790,BU3,Electronics,spm_790@example.com,910128.0,272,H,H
Supplier_0791,BU2,Electronics,spm_791@example.com,543314.78,175,H,H
Supplier_0792,BU4,Metal,spm_792@example.com,502834.38,465,M,L
Supplier_0793,BU1,Packaging,spm_793@example.com,114418.96,104,M,L
Supplier_0794,BU4,Electronics,spm_794@example.com,660212.3,92,H,H
Supplier_0795,BU1,Chemicals,spm_795@example.com,823882.13,186,H,H
Supplier_0796,BU3,Metal,spm_796@example.com,386615.81,460,M,M
Supplier_0797,BU1,Metal,spm_797@example.com,777855.73,283,L,L
Supplier_0798,BU3,Chemicals,spm_798@example.com,964831.89,181,M,M
Supplier_0799,BU1,Packaging,spm_799@example.com,211728.79,170,H,M
Supplier_0800,BU3,Chemicals,spm_800@example.com,528096.33,187,L,M
Supplier_0801,BU1,Packaging,spm_801@example.com,294266.58,175,H,H
Supplier_0802,BU2,Chemicals,spm_802@example.com,794925.87,222,L,M
Supplier_0803,BU1,Chemicals,spm_803@example.com,581817.43,233,H,M
Supplier_0804,BU1,Plastic,spm_804@example.com,638236.59,162,L,H
Supplier_0805,BU2,Metal,spm_805@example.com,799935.02,421,L,L
Supplier_0806,BU4,Chemicals,spm_806@example.com,402010.77,134,H,L
Supplier_0807,BU4,Chemicals,spm_807@example.com,915939.17,391,L,M
Supplier_0808,BU1,Electronics,spm_808@example.com,537698.58,480,M,H
Supplier_0809,BU2,Metal,spm_809@example.com,166375.27,224,H,L
Supplier_0810,BU1,Electronics,spm_810@example.com,698940.13,153,M,M
Supplier_0811,BU3,Metal,spm_811@example.com,795328.74,33,H,M
Supplier_0812,BU3,Electronics,spm_812@example.com,323594.06,55,L,H
Supplier_0813,BU1,Chemicals,spm_813@example.com,858607.46,442,L,M
Supplier_0814,BU4,Chemicals,spm_814@example.com,907081.82,7,L,L
Supplier_0815,BU4,Plastic,spm_815@example.com,284135.44,244,H,H
Supplier_0816,BU1,Electronics,spm_816@example.com,983686.26,313,M,L
Supplier_0817,BU1,Packaging,spm_817@example.com,149304.41,126,M,L
Supplier_0818,BU3,Plastic,spm_818@example.com,209995.51,12,H,L
Supplier_0819,BU4,Electronics,spm_819@example.com,192382.59,16,H,M
Supplier_0820,BU1,Electronics,spm_820@example.com,895049.81,208,M,M
Supplier_0821,BU3,Plastic,spm_821@example.com,657749.63,43,M,L
Supplier_0822,BU4,Chemicals,spm_822@example.com,160583.24,373,M,L
Supplier_0823,BU2,Electronics,spm_823@example.com,445920.18,484,M,H
Supplier_0824,BU3,Chemicals,spm_824@example.com,619145.04,461,H,H
Supplier_0825,BU4,Plastic,spm_825@example.com,92629.44,135,H,M
Supplier_0826,BU4,Chemicals,spm_826@example.com,883592.2,228,L,M
Supplier_0827,BU3,Metal,spm_827@example.com,805567.5,111,M,H
Supplier_0828,BU2,Packaging,spm_828@example.com,510154.71,307,L,L
Supplier_0829,BU3,Electronics,spm_829@example.com,967455.35,457,H,M
Supplier_0830,BU4,Packaging,spm_830@example.com,423583.37,160,H,L
Supplier_0831,BU1,Chemicals,spm_831@example.com,984269.22,331,L,H
Supplier_0832,BU1,Electronics,spm_832@example.com,671240.8,264,M,M
Supplier_0833,BU3,Chemicals,spm_833@example.com,638324.56,225,M,M
Supplier_0834,BU4,Metal,spm_834@example.com,174295.35,471,M,H
Supplier_0835,BU1,Plastic,spm_835@example.com,883108.48,217,M,M
Supplier_0836,BU4,Electronics,spm_836@example.com,433214.79,456,L,H
Supplier_0837,BU3,Metal,spm_837@example.com,170611.07,45,L,M
Supplier_0838,BU1,Metal,spm_838@example.com,22481.44,214,H,H
Supplier_0839,BU4,Electronics,spm_839@example.com,564158.13,59,M,M
Supplier_0840,BU1,Chemicals,spm_840@example.com,532125.63,132,M,L
Supplier_0841,BU3,Metal,spm_841@example.com,722160.09,104,M,L
Supplier_0842,BU4,Packaging,spm_842@example.com,891355.47,195,L,L
Supplier_0843,BU1,Metal,spm_843@example.com,88612.52,413,M,M
Supplier_0844,BU3,Chemicals,spm_844@example.com,734181.53,489,L,M
Supplier_0845,BU1,Chemicals,spm_845@example.com,195537.82,157,M,L
Supplier_0846,BU1,Packaging,spm_846@example.com,859595.28,98,M,L
Supplier_0847,BU2,Metal,spm_847@example.com,820872.88,226,H,H
Supplier_0848,BU2,Chemicals,spm_848@example.com,545385.82,412,M,H
Supplier_0849,BU3,Electronics,spm_849@example.com,713140.37,205,M,H
Supplier_0850,BU2,Plastic,spm_850@example.com,321206.61,79,H,L
Supplier_0851,BU3,Plastic,spm_851@example.com,476456.22,124,L,L
Supplier_0852,BU2,Plastic,spm_852@example.com,823420.53,471,L,L
Supplier_0853,BU1,Metal,spm_853@example.com,464672.55,428,M,H
Supplier_0854,BU3,Packaging,spm_854@example.com,364220.28,218,L,M
Supplier_0855,BU3,Chemicals,spm_855@example.com,499270.32,4,M,L
Supplier_0856,BU1,Electronics,spm_856@example.com,829966.76,90,H,M
Supplier_0857,BU3,Electronics,spm_857@example.com,341855.97,104,H,M
Supplier_0858,BU3,Metal,spm_858@example.com,182023.98,393,M,M
Supplier_0859,BU2,Plastic,spm_859@example.com,714893.88,119,H,H
Supplier_0860,BU3,Metal,spm_860@example.com,827718.43,133,H,M
Supplier_0861,BU4,Packaging,spm_861@example.com,109631.1,312,M,L
Supplier_0862,BU1,Packaging,spm_862@example.com,247475.37,96,M,H
Supplier_0863,BU2,Chemicals,spm_863@example.com,150552.27,468,H,L
Supplier_0864,BU2,Chemicals,spm_864@example.com,354462.0,434,L,L
Supplier_0865,BU4,Packaging,spm_865@example.com,455847.47,331,L,H
Supplier_0866,BU1,Packaging,spm_866@example.com,751338.07,143,M,L
Supplier_0867,BU1,Packaging,spm_867@example.com,654636.11,288,M,L
Supplier_0868,BU2,Metal,spm_868@example.com,624719.28,28,L,H
Supplier_0869,BU3,Packaging,spm_869@example.com,358851.2,278,H,L
Supplier_0870,BU2,Electronics,spm_870@example.com,843033.08,233,L,M
Supplier_0871,BU1,Plastic,spm_871@example.com,476574.3,17,L,L
Supplier_0872,BU4,Packaging,spm_872@example.com,979313.89,59,L,M
Supplier_0873,BU2,Plastic,spm_873@example.com,637800.72,90,L,L
Supplier_0874,BU1,Metal,spm_874@example.com,135002.09,492,M,H
Supplier_0875,BU2,Plastic,spm_875@example.com,679415.79,199,M,H
Supplier_0876,BU3,Metal,spm_876@example.com,331852.98,362,H,L
Supplier_0877,BU2,Electronics,spm_877@example.com,689463.92,441,H,H
Supplier_0878,BU2,Metal,spm_878@example.com,78944.74,26,H,L
Supplier_0879,BU1,Metal,spm_879@example.com,183132.62,25,H,H
Supplier_0880,BU1,Chemicals,spm_880@example.com,857179.89,394,L,M
Supplier_0881,BU1,Packaging,spm_881@example.com,234907.76,301,M,L
Supplier_0882,BU2,Packaging,spm_882@example.com,838670.71,339,M,M
Supplier_0883,BU3,Electronics,spm_883@example.com,286483.33,267,H,M
Supplier_0884,BU4,Electronics,spm_884@example.com,646453.09,461,H,L
Supplier_0885,BU4,Packaging,spm_885@example.com,697209.07,181,L,M
Supplier_0886,BU1,Chemicals,spm_886@example.com,517528.21,456,L,L
Supplier_0887,BU1,Packaging,spm_887@example.com,312257.57,360,H,M
Supplier_0888,BU2,Chemicals,spm_888@example.com,220517.93,68,M,L
Supplier_0889,BU4,Electronics,spm_889@example.com,42857.46,495,M,L
Supplier_0890,BU1,Plastic,spm_890@example.com,310906.94,351,M,H
Supplier_0891,BU3,Electronics,spm_891@example.com,656631.16,412,H,L
Supplier_0892,BU3,Electronics,spm_892@example.com,938921.77,459,M,L
Supplier_0893,BU1,Metal,spm_893@example.com,872492.44,491,L,M
Supplier_0894,BU1,Metal,spm_894@example.com,768404.13,321,L,L
Supplier_0895,BU4,Metal,spm_895@example.com,790562.87,49,H,H
Supplier_0896,BU4,Metal,spm_896@example.com,668335.05,175,L,M
Supplier_0897,BU2,Chemicals,spm_897@example.com,267683.99,52,H,M
Supplier_0898,BU4,Packaging,spm_898@example.com,908123.08,102,M,H
Supplier_0899,BU3,Plastic,spm_899@example.com,674024.99,216,M,M
Supplier_0900,BU3,Electronics,spm_900@example.com,564836.22,438,M,M
Supplier_0901,BU1,Chemicals,spm_901@example.com,119879.57,188,L,M
Supplier_0902,BU4,Plastic,spm_902@example.com,452584.99,57,H,M
Supplier_0903,BU2,Chemicals,spm_903@example.com,465754.69,47,M,H
Supplier_0904,BU3,Chemicals,spm_904@example.com,865917.97,159,H,H
Supplier_0905,BU3,Electronics,spm_905@example.com,551181.74,489,M,M
Supplier_0906,BU2,Packaging,spm_906@example.com,386596.54,174,L,M
Supplier_0907,BU2,Metal,spm_907@example.com,977032.33,242,L,H
Supplier_0908,BU3,Packaging,spm_908@example.com,119613.39,282,H,H
Supplier_0909,BU3,Electronics,spm_909@example.com,428322.94,241,L,H
Supplier_0910,BU2,Electronics,spm_910@example.com,51604.43,370,L,M
Supplier_0911,BU3,Electronics,spm_911@example.com,742505.08,5,H,M
Supplier_0912,BU1,Plastic,spm_912@example.com,918895.79,84,M,L
Supplier_0913,BU1,Packaging,spm_913@example.com,287236.96,308,L,H
Supplier_0914,BU2,Packaging,spm_914@example.com,859758.26,361,H,M
Supplier_0915,BU4,Chemicals,spm_915@example.com,299296.05,459,L,H
Supplier_0916,BU2,Chemicals,spm_916@example.com,911662.46,248,L,M
Supplier_0917,BU2,Chemicals,spm_917@example.com,756422.28,54,L,H
Supplier_0918,BU4,Electronics,spm_918@example.com,806857.71,161,L,M
Supplier_0919,BU4,Packaging,spm_919@example.com,27826.49,434,H,L
Supplier_0920,BU4,Electronics,spm_920@example.com,963182.25,422,H,L
Supplier_0921,BU1,Plastic,spm_921@example.com,729404.28,411,H,H
Supplier_0922,BU3,Chemicals,spm_922@example.com,311703.58,226,L,M
Supplier_0923,BU1,Electronics,spm_923@example.com,831100.72,15,L,M
Supplier_0924,BU3,Electronics,spm_924@example.com,288705.99,224,L,H
Supplier_0925,BU1,Plastic,spm_925@example.com,874026.3,61,H,M
Supplier_0926,BU3,Metal,spm_926@example.com,121454.59,122,L,H
Supplier_0927,BU1,Packaging,spm_927@example.com,706649.12,277,M,M
Supplier_0928,BU4,Metal,spm_928@example.com,545291.49,46,L,H
Supplier_0929,BU2,Chemicals,spm_929@example.com,105569.13,453,M,M
Supplier_0930,BU1,Electronics,spm_930@example.com,249474.89,390,L,H
Supplier_0931,BU3,Plastic,spm_931@example.com,22280.0,294,H,M
Supplier_0932,BU4,Plastic,spm_932@example.com,474080.29,62,L,L
Supplier_0933,BU1,Packaging,spm_933@example.com,308252.61,86,M,M
Supplier_0934,BU1,Metal,spm_934@example.com,602373.91,446,M,H
Supplier_0935,BU4,Packaging,spm_935@example.com,304265.43,210,L,L
Supplier_0936,BU1,Electronics,spm_936@example.com,306919.92,78,M,M
Supplier_0937,BU2,Packaging,spm_937@example.com,745761.27,202,M,L
Supplier_0938,BU1,Plastic,spm_938@example.com,57661.41,302,H,M
Supplier_0939,BU2,Plastic,spm_939@example.com,903866.05,397,L,L
Supplier_0940,BU2,Chemicals,spm_940@example.com,853741.24,223,L,H
Supplier_0941,BU4,Chemicals,spm_941@example.com,671126.64,222,L,M
Supplier_0942,BU1,Electronics,spm_942@example.com,597289.35,3,M,M
Supplier_0943,BU4,Metal,spm_943@example.com,893379.47,478,L,H
Supplier_0944,BU1,Packaging,spm_944@example.com,193476.88,6,L,L
Supplier_0945,BU1,Electronics,spm_945@example.com,88179.47,93,H,H
Supplier_0946,BU3,Chemicals,spm_946@example.com,247115.07,8,H,H
Supplier_0947,BU1,Packaging,spm_947@example.com,796632.5,428,H,L
Supplier_0948,BU4,Chemicals,spm_948@example.com,44323.56,493,M,H
Supplier_0949,BU2,Packaging,spm_949@example.com,586978.77,235,L,M
Supplier_0950,BU1,Metal,spm_950@example.com,995483.14,108,H,M
Supplier_0951,BU3,Electronics,spm_951@example.com,857139.13,161,H,M
Supplier_0952,BU4,Packaging,spm_952@example.com,526231.23,209,H,H
Supplier_0953,BU1,Plastic,spm_953@example.com,73004.5,240,L,M
Supplier_0954,BU4,Plastic,spm_954@example.com,833059.78,331,L,M
Supplier_0955,BU3,Packaging,spm_955@example.com,602988.72,333,L,M
Supplier_0956,BU3,Packaging,spm_956@example.com,123783.67,50,M,M
Supplier_0957,BU4,Packaging,spm_957@example.com,102918.71,11,M,M
Supplier_0958,BU1,Plastic,spm_958@example.com,910530.55,351,H,M
Supplier_0959,BU2,Plastic,spm_959@example.com,672508.26,156,L,H
Supplier_0960,BU3,Packaging,spm_960@example.com,830993.93,492,H,M
Supplier_0961,BU1,Chemicals,spm_961@example.com,880189.11,70,L,M
Supplier_0962,BU1,Chemicals,spm_962@example.com,576054.63,169,L,L
Supplier_0963,BU2,Metal,spm_963@example.com,522271.89,272,L,H
Supplier_0964,BU3,Electronics,spm_964@example.com,436123.14,68,M,H
Supplier_0965,BU3,Chemicals,spm_965@example.com,323777.12,355,M,H
Supplier_0966,BU1,Plastic,spm_966@example.com,440250.0,252,L,H
Supplier_0967,BU1,Chemicals,spm_967@example.com,776140.86,48,H,M
Supplier_0968,BU2,Metal,spm_968@example.com,605904.2,184,L,M
Supplier_0969,BU2,Metal,spm_969@example.com,893598.06,320,L,L
Supplier_0970,BU3,Electronics,spm_970@example.com,448946.21,187,H,L
Supplier_0971,BU4,Chemicals,spm_971@example.com,611018.68,90,L,H
Supplier_0972,BU3,Plastic,spm_972@example.com,634994.48,446,H,L
Supplier_0973,BU1,Plastic,spm_973@example.com,595780.19,332,M,L
Supplier_0974,BU3,Packaging,spm_974@example.com,705607.44,139,M,H
Supplier_0975,BU4,Plastic,spm_975@example.com,245059.13,357,H,H
Supplier_0976,BU2,Electronics,spm_976@example.com,517240.14,89,M,L
Supplier_0977,BU4,Electronics,spm_977@example.com,113182.55,274,M,M
Supplier_0978,BU4,Plastic,spm_978@example.com,390666.21,19,H,L
Supplier_0979,BU4,Plastic,spm_979@example.com,492790.4,471,M,L
Supplier_0980,BU2,Packaging,spm_980@example.com,655702.02,311,L,M
Supplier_0981,BU4,Plastic,spm_981@example.com,951025.74,358,L,M
Supplier_0982,BU4,Packaging,spm_982@example.com,604644.56,374,H,H
Supplier_0983,BU4,Packaging,spm_983@example.com,746157.98,466,M,H
Supplier_0984,BU1,Plastic,spm_984@example.com,511203.4,154,L,L
Supplier_0985,BU4,Metal,spm_985@example.com,637762.99,390,L,M
Supplier_0986,BU2,Metal,spm_986@example.com,80222.89,260,M,H
Supplier_0987,BU4,Packaging,spm_987@example.com,261847.67,108,M,L
Supplier_0988,BU4,Plastic,spm_988@example.com,368234.56,371,L,M
Supplier_0989,BU2,Metal,spm_989@example.com,477768.42,285,L,L
Supplier_0990,BU4,Plastic,spm_990@example.com,55192.26,59,H,H
Supplier_0991,BU2,Plastic,spm_991@example.com,148623.86,125,H,H
Supplier_0992,BU4,Plastic,spm_992@example.com,284046.16,354,L,M
Supplier_0993,BU2,Chemicals,spm_993@example.com,971817.36,273,H,L
Supplier_0994,BU4,Plastic,spm_994@example.com,338033.54,107,L,M
Supplier_0995,BU4,Chemicals,spm_995@example.com,487220.65,299,L,H
Supplier_0996,BU1,Packaging,spm_996@example.com,204136.74,245,H,H
Supplier_0997,BU1,Metal,spm_997@example.com,614672.27,336,H,L
Supplier_0998,BU4,Metal,spm_998@example.com,287876.38,450,M,L
Supplier_0999,BU4,Metal,spm_999@example.com,214922.65,418,M,L
Supplier_1000,BU3,Metal,spm_1000@example.com,521406.9,247,M,M
